epoch,train_loss,val_miou,val_miou6,val_f1,val_oa,best_val_miou,seconds,iou_class_0,iou_class_1,iou_class_2,iou_class_3,iou_class_4,iou_class_5
1,2.285858458441657,0.7889939422337374,0.6576922899154924,0.8776408853801577,0.9144775989720656,0.7889939422337374,93.72036450356245,0.9166632876639509,0.8988082596194034,0.6850501692809313,0.8062111843952873,0.638236810209114,0.0011840283242678157
2,1.6529760528255153,0.8055406903918136,0.6988899145734502,0.8885783640902268,0.9247951455194906,0.8055406903918136,95.99316941946745,0.919787687505898,0.9183544080450148,0.7076998514529341,0.8133124889878983,0.6685490159673226,0.1656360354816331
3,1.520137474987958,0.8338669253322875,0.7287250737248696,0.9073214632199328,0.9332516365516784,0.8338669253322875,97.1474067568779,0.9410935542455164,0.911624425005897,0.7448604913723618,0.8195607612800613,0.7521953947576008,0.20301581568778043
4,1.4360750159701785,0.8378769782855315,0.7594970452410807,0.9101665879698629,0.9301714767351603,0.8378769782855315,97.17439079284668,0.9317115532334068,0.9041010719771169,0.7387717019548335,0.8189671140889818,0.7958334501733186,0.36759738001882725
5,1.3838473790400736,0.8394658029597192,0.7770015856041345,0.9106833888890715,0.9339576786079294,0.8394658029597192,93.08047636598349,0.9386582726645135,0.9262294109455411,0.7402335034724375,0.8179694354872417,0.7742383922288617,0.46468049882621143
6,1.3358646341272302,0.8479294972513886,0.7699490072600749,0.9160463316692766,0.9354916604557127,0.8479294972513886,92.67843871563673,0.9393136999177588,0.9219964903673858,0.7480016493376402,0.8257131190210689,0.8046225276130892,0.380046557303506
7,1.318997843201096,0.8488813146556428,0.7745879850643232,0.9165769588536092,0.9369064648925908,0.8488813146556428,94.0744856223464,0.9393277263757207,0.9273242945127931,0.7508366424900882,0.8244712214141533,0.8024466884854587,0.40312133710772496
8,1.2606043780172194,0.8433359898786336,0.749009647323318,0.9131925092880122,0.933209244830155,0.8488813146556428,89.09693568199873,0.9341939495355768,0.924389146325572,0.7371028979764163,0.8185538547593849,0.802440100796217,0.2773779345467403
9,1.2195986576982447,0.8520328607554724,0.7796007315380663,0.91842547918157,0.9362307453853823,0.8520328607554724,93.32646421343088,0.94197375347497,0.9236105205499057,0.7429810521776891,0.8267365191045479,0.8248624584702493,0.41744008545103595
10,1.1966580841992351,0.8550852258692581,0.7878090005109369,0.9202167580656706,0.9381658481301297,0.8550852258692581,92.5400981605053,0.9437393318498674,0.9296907838765207,0.7482556308602909,0.825286022203789,0.8284543605558226,0.4514278737193312
11,1.1896960351918195,0.8535325019370198,0.7891914069848068,0.9192787729724262,0.938493347981736,0.8550852258692581,89.23241653293371,0.9447413232221463,0.9300819078449472,0.7497548655190324,0.824928188311979,0.8181562247869948,0.4674859322237407
12,1.164550196802294,0.8557739548111348,0.785278364225508,0.9205265197139824,0.9393502410923749,0.8557739548111348,92.66717731952667,0.945979487689339,0.9334104536496679,0.7462256093427321,0.8305352496832413,0.8227189736906936,0.4328004112973744
13,1.144026335832235,0.8556207494580879,0.7843315418385844,0.9205248011273663,0.938765951687438,0.8557739548111348,90.15795899927616,0.9437706659778364,0.9314707840940437,0.7492099834469818,0.8294597572846961,0.8241925564868805,0.42788550374106793
14,1.1486053598893655,0.8557240615984236,0.7868491393463413,0.9205375290469467,0.9387142836597931,0.8557739548111348,90.28281173110008,0.9445302485989859,0.931909146335878,0.7461816443222291,0.828857170422179,0.8271420983128462,0.4424745280859294
15,1.1451281892286764,0.8558322617680127,0.7876150585216489,0.9206164299886297,0.9389090951560943,0.8558322617680127,92.86325549334288,0.9444430196416533,0.9318466607585635,0.7472773500566461,0.8296194831533771,0.825974795229824,0.4465290422898296
16,1.2146386923016728,0.844128199365004,0.7553684459954585,0.9136636711926389,0.934245307571934,0.8558322617680127,89.39094957709312,0.938536576904968,0.9204116391524029,0.738004039260689,0.8235224440837982,0.8001662974231619,0.3115696791477308
17,1.206174008266346,0.8386476825534721,0.7314378448890707,0.9102391803572768,0.9312175321351465,0.8558322617680127,89.68107046931982,0.9376946275544364,0.9215384367320482,0.7304251493152322,0.806818404274812,0.796761794890832,0.1953886565670636
18,1.1832097214621466,0.8324912184969314,0.7711810319388898,0.9062776912372641,0.9308528454493226,0.8558322617680127,90.04207943379879,0.937517278830405,0.9220495676031464,0.7189400500159361,0.8053618255336089,0.7785873705015601,0.4646300991486818
19,1.1699429309045946,0.8372726878544114,0.7756186092367678,0.9097068063466732,0.930053441860493,0.8558322617680127,89.40819402039051,0.9327501062987009,0.9012254461030214,0.7283333069621023,0.8215891065756904,0.8024654733325423,0.46734821614855
20,1.1830132455439182,0.826137344833767,0.7589224513216104,0.9015544514572149,0.9234692866219544,0.8558322617680127,88.75285909324884,0.9362767274829944,0.9182333204321087,0.6657239421260004,0.7870865649216419,0.82336616920609,0.42284798376082716
21,1.1465585947036743,0.8521756588562054,0.7813212035723839,0.9184648337187212,0.9371034526483927,0.8558322617680127,89.92114547640085,0.9410028298425754,0.9307996751070232,0.7457211433056636,0.8239732747354831,0.8193813712902818,0.42704892715327614
22,1.1404228957923683,0.8453553089026086,0.7700991969011958,0.9142992502764441,0.9341051111213516,0.8558322617680127,89.48305398970842,0.9371926187536003,0.9261841947017575,0.7320855090533619,0.8215294733124093,0.8097847486919134,0.3938186368941322
23,1.1150949120521545,0.8491123022709294,0.769819415668538,0.9168085556115365,0.9335285837086338,0.8558322617680127,90.13326944410801,0.933969714087645,0.9192193669083596,0.7409775714683344,0.8244144851407849,0.8269803737495233,0.37335498265658057
24,1.109094310129011,0.8452694469853872,0.7764521851692993,0.9141373206831436,0.9353164806336571,0.8558322617680127,89.38834182918072,0.9438766184082467,0.924669689757328,0.7298324381878815,0.8206752641646032,0.8072932244088769,0.43236587608885896
25,1.0973674709732468,0.8495120393961585,0.782390126961079,0.9168064863180654,0.9350196025667747,0.8558322617680127,89.24715939164162,0.9360006248909664,0.9282029569087085,0.7323939560484418,0.8258955855116852,0.825067073620991,0.4467805647856814
26,1.0938110780071568,0.8451755568409285,0.7677810331819707,0.9140264524811688,0.9345704316735854,0.8558322617680127,89.94750426709652,0.9436960738396782,0.9271628238864771,0.7276730950910745,0.817434294308566,0.8099114970788466,0.3808084148871815
27,1.0701665958842717,0.8496511209395061,0.7876024983232387,0.9169754245993621,0.9350755324359419,0.8558322617680127,89.54407587647438,0.9368436366834263,0.9265323411999442,0.7384134916570564,0.8219184463253826,0.8245476888317214,0.47735938524190064
28,1.054598941996291,0.8459310825425159,0.7799092514594347,0.9145405135576844,0.934949109894449,0.8558322617680127,89.30325923115015,0.9402804476488948,0.927123203891716,0.7279337382928147,0.8214295589764152,0.8128884639027388,0.44980009604402815
29,1.0375351931597736,0.846842877781348,0.7822490722780776,0.9150001790190452,0.9339798583193404,0.8558322617680127,89.39351060241461,0.9423840632422692,0.9266344212008281,0.7235189201933826,0.8121319284619769,0.8295450558082834,0.45928004476172535
30,1.0396785446115442,0.8520669316541619,0.7792185834690275,0.9183362931852045,0.936435739962597,0.8558322617680127,89.78362407535315,0.9437978325423998,0.9268451497225771,0.7394147701721009,0.8208236357412869,0.829453270092445,0.4149768425433552
31,1.0223697771897187,0.8494706162687902,0.7802008469457732,0.9166987447759645,0.9352030612426808,0.8558322617680127,89.79171701520681,0.9418137015739705,0.929223592223912,0.7334862755830892,0.816585240195694,0.8262442717672843,0.43385200033068916
32,1.0103507215912277,0.8489007264974197,0.7769499674604976,0.9162719192061889,0.9350066538227458,0.8558322617680127,89.53279423713684,0.9434818889719148,0.9278860852519177,0.7277264907462149,0.8169082366770717,0.8285009308399789,0.41719617227588823
33,1.0062479460561597,0.8543429695033578,0.7810492550791824,0.9197439797525926,0.9364976273421471,0.8558322617680127,89.40845959633589,0.9422919370549822,0.9275248585147364,0.7422846725018646,0.8233325088484631,0.836280870596742,0.41458068295830675
34,0.9952513524003931,0.8552822501516678,0.7853693470399037,0.9203103626392046,0.9372448188384567,0.8558322617680127,89.91988348960876,0.9432372011722289,0.927222284004406,0.7433372956662225,0.8260877132460871,0.8365267566693947,0.43580483148108257
35,0.9825406416042431,0.8526373376293893,0.783400449964683,0.9186384823304765,0.9356353207860004,0.8558322617680127,89.56801307946444,0.9403883059305888,0.9284737963527171,0.7347323524620292,0.8214927175060182,0.8380995158955932,0.4372160116411525
36,0.9792524924149384,0.8546335484128325,0.7825117939510374,0.9199005356677972,0.9368185802797556,0.8558322617680127,88.81931533664465,0.9421363982824359,0.9287255200826202,0.7419730420913854,0.8231277474925058,0.8372050341152149,0.42190302164206295
37,0.9663647461581875,0.8551759117981689,0.7848969205351582,0.9202357398740848,0.9379909856792513,0.8558322617680127,89.64733561128378,0.9438702005754319,0.9289186923648488,0.7445093571721672,0.8277310716413797,0.8308502372370163,0.4335019642201057
38,0.9622424599286672,0.854842580950194,0.7816196973117412,0.9200335641241526,0.9377299252166507,0.8558322617680127,89.835435166955,0.943784565030912,0.9296394797043378,0.744935393592529,0.8258681446500248,0.8299853217731669,0.4155052791194769
39,0.9599617046278877,0.8536163412859634,0.7834155476603241,0.9193155292781352,0.9375412163146993,0.8558322617680127,89.65082924813032,0.9437247611493166,0.9280833256218062,0.7446066949804199,0.8256668482680721,0.8260000764102023,0.43241157953212767
40,0.9551789551167875,0.8511613219411085,0.780366127979629,0.9177807142707775,0.9369043339718297,0.8558322617680127,89.4551942422986,0.9438024576642456,0.927674843384446,0.7391850178720115,0.8240817132264382,0.8210625775584008,0.42639015817223197
41,0.9426481246948242,0.8519544121091617,0.7806609646795168,0.9182644974846011,0.9368647532521613,0.8558322617680127,90.04115249216557,0.943212857325165,0.9285715944130208,0.739965709996377,0.8239038955679197,0.824118003243326,0.42419372753129275
42,0.9423635788865992,0.8530190204370799,0.7808316292703982,0.9189402767644786,0.9373297655009659,0.8558322617680127,90.16850616782904,0.9436258787839652,0.9279958755225348,0.7429340195765115,0.8253595080011301,0.8251798203012576,0.41989467343698983
43,0.9394110969595006,0.8522962247272574,0.7786394772223324,0.9184832912305266,0.936927493000016,0.8558322617680127,89.64545841515064,0.9433563175496534,0.9277382338824002,0.7403854015564152,0.8246816353296601,0.8253195353181579,0.4103557396977073
44,0.9524608834369762,0.852608385665188,0.7796662472248435,0.9186754322763555,0.9369816909293305,0.8558322617680127,89.93591987341642,0.9433092278329505,0.9281158797433222,0.7411235024545281,0.8245989448405354,0.825894373454604,0.414955555023121
45,0.9389822950234284,0.8527001696650436,0.7799580596732995,0.9187308354099721,0.9370405859520672,0.8558322617680127,89.07123754918575,0.943452314457496,0.928017938774476,0.741217592416098,0.8247203578334683,0.8260926448436796,0.41624750971457875
46,1.0086986764057262,0.8461695562722827,0.7615673720849075,0.9148383507706062,0.9334347597209114,0.8558322617680127,89.10218733549118,0.9355412158997547,0.925530299438224,0.7328368812170902,0.8202753740452402,0.8166640107611044,0.33855645114803146
47,1.0115176999891127,0.8473540990656077,0.7713971021596465,0.9154333962625169,0.9343842254700598,0.8558322617680127,89.77970939874649,0.940287341597241,0.9243584902990151,0.7276268394495115,0.8200271408449886,0.8244706831372814,0.3916121176298414
48,1.0133893541387609,0.8480068981389964,0.7756822104879832,0.915757304423941,0.9346547163904966,0.8558322617680127,88.93485230952501,0.9406594541192287,0.9314909390365245,0.7298410941068798,0.8159122128668735,0.8221307905654756,0.41405877223291704
49,1.0036990793975624,0.8463460474166226,0.7845836031251165,0.9149722824194685,0.9344382601799117,0.8558322617680127,89.88877081871033,0.9404908947457573,0.920778284930307,0.7359731788817967,0.8171309841286909,0.8173568943965618,0.4757713816675856
50,1.0105921149253845,0.8442043237995922,0.7787715608076563,0.9134678418892335,0.9321853510060839,0.8558322617680127,89.78415054827929,0.940260123459326,0.9221735076941745,0.7209802942033322,0.8156980690410925,0.8219096246000356,0.4516077458479774
51,0.9932974560840709,0.8449278006139543,0.7664841010033818,0.9137972052547383,0.9324218741428144,0.8558322617680127,89.07554589956999,0.9421758861286653,0.927279020369774,0.7209645834482121,0.8067367211554314,0.8274827919676887,0.3742656029505192
52,1.0099605144681156,0.8490356557414762,0.7850410833824658,0.9165569724207909,0.9359502436712425,0.8558322617680127,89.98434633761644,0.9432767788105398,0.923567037369142,0.7389994394017959,0.8202777110607288,0.8190573120651737,0.46506822158741457
53,0.9961192453229749,0.8463197855200676,0.7804375014395566,0.914839986335884,0.9339213350742684,0.8558322617680127,89.2818338572979,0.9412964114377516,0.9213832100325109,0.7281634317115845,0.8207099146739146,0.8200459597445765,0.4510260810370013
54,0.9883291360494253,0.8512057705319933,0.7835052470928482,0.9178873809074679,0.9362326314769496,0.8558322617680127,89.98953592777252,0.9417694637954781,0.9254065640549021,0.7410567385923715,0.8246440667863751,0.8231520194308392,0.44500262989712297
55,0.9919909354802724,0.8470787744275949,0.7728097917305972,0.9153254469717368,0.9347428276970298,0.8558322617680127,89.03456460684538,0.9418443808692282,0.9238466756683378,0.7333756591698658,0.8186842521747895,0.8176429042557538,0.40146487824560867
56,0.9783489040426305,0.8387805561811774,0.7549397220035541,0.9103233963257453,0.9320042862156286,0.8558322617680127,90.17208883911371,0.9411058123346266,0.9148315497729013,0.7272072003002266,0.8113687015498062,0.7993895169483269,0.3357355511154374
57,0.9727970700006228,0.831592546337701,0.7587038003540609,0.9065526957432274,0.9248433768706741,0.8558322617680127,89.94712027907372,0.919963960534925,0.8907534591562664,0.7289547090104231,0.8136703892274213,0.8046202137594687,0.3942600704358607
58,0.968380848137108,0.8473320914821766,0.775546678988898,0.9154187730657954,0.9354676671947179,0.8558322617680127,90.08358739316463,0.9407576022325483,0.9311813447422399,0.7354965211833124,0.8184544735112158,0.8107705157415667,0.416619616522505
59,0.9663345578554514,0.8440682536018915,0.7648750529169982,0.9136291510914016,0.9325590601010876,0.8558322617680127,90.43665617704391,0.9362410625884294,0.9188066097731523,0.7318631888080942,0.820350614938064,0.8130797919017174,0.3689090494925321
60,0.9587371104472392,0.8458657577358795,0.7695709902821163,0.9146100140853776,0.9351190938969468,0.8558322617680127,90.45842004567385,0.9407979127985132,0.9252323079325716,0.7358998946190082,0.8207028724811118,0.8066958008481921,0.3880971530133009
61,0.9641173910450291,0.8416957019984496,0.7628216685932029,0.9118711062960265,0.9319181244748981,0.8558322617680127,89.8577244579792,0.9393117382778733,0.9227188467268644,0.7150847732205067,0.813087074054036,0.8182760777129678,0.36845150156696904
62,0.9527131686339507,0.8501894710004066,0.7699929873298837,0.9172354586685045,0.936408391634872,0.8558322617680127,90.04383420199156,0.9420880225969744,0.9280040200409316,0.7409739717744893,0.8226673299601724,0.8172140106294651,0.36901056897726964
63,0.9383601700937426,0.8423181780720682,0.7669912588436237,0.9123604710902157,0.9333935014678779,0.8558322617680127,90.95067382603884,0.9410890039656166,0.9244066086722954,0.7273786088698072,0.8139990450164516,0.80471762383617,0.39035666270140146
64,0.9425549661791003,0.8491933165698382,0.7640767974210058,0.916532690426811,0.93546247137516,0.8558322617680127,89.66439140588045,0.9433730376562548,0.9273352262428705,0.7332002302296254,0.8198968299877225,0.8221612587327183,0.3384942016768432
65,0.9378645494177534,0.8477841918154165,0.7705971882875655,0.9156302957181719,0.9340274367926737,0.8558322617680127,89.92911785840988,0.9400229828189618,0.92838408747993,0.7266972182539865,0.817256327371118,0.8265603431530868,0.38466217064831004
66,0.9333503429954116,0.8457374796090733,0.7669918040717527,0.9146823289404173,0.9329405130528146,0.8558322617680127,90.60170005261898,0.9354461606019253,0.9184639382357229,0.7340228744019162,0.8207428340974282,0.820011590708374,0.3732634263851495
67,0.9373224020004273,0.851765854015143,0.767575443581499,0.9181641333802851,0.9356487954594086,0.8558322617680127,89.3141729682684,0.9416422420141307,0.9277688399991247,0.7385321791350657,0.821538658051639,0.8293473508757548,0.3466233914132787
68,0.9137125498539692,0.8512587038314667,0.7776189922317468,0.9178255848782879,0.9356083079649483,0.8558322617680127,89.58703680336475,0.944137527127755,0.9221521812761385,0.733730535763045,0.8207353849987493,0.835537889991646,0.409420434233147
69,0.9236583087895368,0.8461273039749806,0.772563599234418,0.9146802264518625,0.9338321356379848,0.8558322617680127,88.82250365614891,0.9414005772354216,0.9254916890771822,0.7292342036772441,0.8123994726102215,0.8221105772748335,0.4047450755316051
70,0.9113919116355277,0.8449547093006963,0.7693253267458221,0.9140668754297698,0.9323711582287011,0.8558322617680127,89.6255951076746,0.934618138139147,0.9222429401663047,0.7257100229158686,0.8192702877240435,0.8229321575581171,0.39117841397145103
71,0.905705642378008,0.8508309671416019,0.77337744649387,0.9175759362564563,0.9357851925236128,0.8558322617680127,89.66427063196898,0.9423483987739185,0.9283612833704302,0.7377782182397178,0.8193178099801757,0.8263491253437668,0.38610984325521136
72,0.9002067089080811,0.8498983463239176,0.7737425208353406,0.9169919194038186,0.935862730836072,0.8558322617680127,89.77260329574347,0.9415973371728137,0.9293832774832844,0.7360130929541682,0.8215061769600495,0.8209918470492722,0.3929633933924548
73,0.8931707968582978,0.8493341148892238,0.7784167089653322,0.9165280912507299,0.9353469301311707,0.8558322617680127,88.67803942412138,0.9430131092800021,0.9286747626991803,0.7275626335354081,0.8185774893179933,0.8288425796135356,0.423829679345874
74,0.8818628046963666,0.8475634839926549,0.773794748557841,0.9156000478925475,0.9356367897611633,0.8558322617680127,89.85061564296484,0.9418927251275894,0.9279135462840448,0.7369581982566007,0.8222238728998423,0.8088290773951969,0.40495107138377145
75,0.8930216102986722,0.8469775511108397,0.7688655692058646,0.9151851389511994,0.9355252564617542,0.8558322617680127,88.74657078832388,0.942947357701491,0.9284374192981986,0.7335308556066323,0.8193737391505711,0.8105983837973054,0.3783056596809888
76,0.8752681622634063,0.8499943159018987,0.7749082690902017,0.9170634312126434,0.9363347705895141,0.8558322617680127,89.59450326114893,0.9436391942354588,0.929213849358256,0.7395699959588148,0.8198642025271793,0.8176843374297845,0.3994780350317169
77,0.8819606136631322,0.846944442706425,0.7706304995083203,0.9152860337345295,0.9361494802285283,0.8558322617680127,89.42206815630198,0.9412350890669414,0.9272391661961582,0.7420563318660335,0.8234518504913431,0.8007397759116488,0.38906078351779677
78,0.8733950138092041,0.8501840661748197,0.7737193645136573,0.9171381906347037,0.9363099975021981,0.8558322617680127,89.58722200244665,0.9432389647046174,0.9297850261342373,0.7363026758210546,0.8222513541439784,0.8193423100702103,0.39139585620784556
79,0.8719252022537025,0.8494178600396483,0.7739688805802408,0.9167362115105749,0.9360340568652618,0.8558322617680127,89.596829213202,0.9415016686760247,0.9286726122378656,0.7381318196109045,0.8228630014630074,0.815920198210439,0.3967239832832037
80,0.8608307197287276,0.8484432234595085,0.7725189825020315,0.9162674800046172,0.9354651916995359,0.8558322617680127,90.59069962054491,0.940060035605178,0.9234774689401818,0.7409683153809273,0.8230470405685538,0.8146632568027016,0.3928977777146469
81,0.8615913120475975,0.8504453261492128,0.7732012520794088,0.9173987870273596,0.9355829364062698,0.8558322617680127,90.2009165212512,0.9404358969947831,0.9272540768647479,0.7387963886174344,0.8214854146576546,0.8242548536114436,0.38698088173038947
82,0.8598528375496736,0.8492539725521508,0.7727805628548792,0.9165937417738927,0.9363763552814726,0.8558322617680127,89.19312954694033,0.9433980030215671,0.9299439044875751,0.7382934973030798,0.8203491010022115,0.8142853569463204,0.39041351436852134
83,0.8598271698565096,0.850372090598891,0.7731570840230662,0.9173517274569422,0.9364840075847721,0.8558322617680127,89.30216865986586,0.9430669135593333,0.9271249098648422,0.7417977915699888,0.8229885926726935,0.8168822453275968,0.38708205114394206
84,0.8494403629689603,0.8525113354873,0.7760607645921765,0.9186068998084504,0.9371498795177402,0.8558322617680127,88.89860804378986,0.9433910712246447,0.9293385935244275,0.7416598325958657,0.8243665303533252,0.8238006497382366,0.39380791011656013
85,0.8419774348671372,0.8484478439975641,0.7714665600387992,0.9160751292886481,0.9354124718131323,0.8558322617680127,88.36743769049644,0.942447202305702,0.9282663059914958,0.7324622638496803,0.8191873447627279,0.8198761030782142,0.3865601402449748
86,0.8423320660720001,0.8519897275191328,0.7756400899539414,0.9183062190984188,0.936265547401897,0.8558322617680127,89.28872874379158,0.942237178824896,0.928099876357164,0.7400997472947187,0.8221444473159127,0.8273673878029729,0.3938919021279843
87,0.8489724094803269,0.8512795923729979,0.7770377471122253,0.9178766653073349,0.936757418320039,0.8558322617680127,88.73790732771158,0.9430142266039432,0.9276469556454394,0.7402742936259679,0.8237533943348019,0.8217090916548366,0.4058285208083627
88,0.8389663200120668,0.852533017414709,0.778713383022963,0.9186452534696212,0.937021688765403,0.8558322617680127,88.65082468092442,0.9434944832734674,0.9280866817486527,0.7426040470596615,0.8238221867045435,0.8246576882872194,0.40961521106423304
89,0.8444977786089923,0.8530352847828514,0.7789138029235962,0.9189233327621062,0.9369368237126251,0.8558322617680127,88.06784684956074,0.9438995478687531,0.9284855010131202,0.7416367652033861,0.8221868650136234,0.8289677448153748,0.4083063936273205
90,0.8395647074725177,0.8515299669332631,0.7783942608985587,0.9180166587745072,0.9365663699391245,0.8558322617680127,88.9357502758503,0.94319683779041,0.927686034129257,0.7396322186606853,0.8226739039356665,0.824460840150297,0.41271573072503637
91,0.8341369358268944,0.8525293699785055,0.7804069018628862,0.9186181413012713,0.9367659964095708,0.8558322617680127,88.22139949351549,0.9439451836966534,0.9270133576422116,0.7400295125581419,0.8225207972256581,0.8291379987698623,0.41979456128479015
92,0.8373115523441418,0.8531162933032445,0.779832010658187,0.91896939113021,0.9367868885007772,0.8558322617680127,88.31387117505074,0.943437137277256,0.9278259252397296,0.740306471935906,0.8225186986794507,0.8314932333838803,0.4134105974328989
93,0.8309023573591903,0.853348741312773,0.7791070705702797,0.9191059937701948,0.9366928378193567,0.8558322617680127,88.33024745434523,0.9431946634501839,0.9277820406478536,0.7398383771193746,0.822900126395374,0.8330284989510787,0.40789871685781404
94,0.8285788758380993,0.8529809173944056,0.7795301230298742,0.9188944333674487,0.9369203748178992,0.8558322617680127,87.73943073302507,0.943924850288124,0.9278414120362283,0.7412778864052261,0.822965616730476,0.8288948215119732,0.412276151207218
95,0.8304650951076198,0.8533224043224218,0.7812519118746817,0.9190994249068243,0.9370190228475148,0.8558322617680127,88.61266350746155,0.9435711576656056,0.9280894941852851,0.7411881603809446,0.8232368887296808,0.8305263206505927,0.42089944963598136
96,0.8305827359895448,0.8533313779524214,0.7803168904685066,0.9191240463017152,0.9371408661763082,0.8558322617680127,88.86429761350155,0.9436057971076268,0.9278356718292048,0.7425068144878901,0.8237474178371906,0.8289611885001942,0.415244453048933
97,0.826143983570305,0.8535833710700521,0.7812918080505583,0.9192700203679255,0.9372931136638756,0.8558322617680127,88.1836145222187,0.943791758434682,0.9282045338726476,0.7426635381350268,0.8243191301334702,0.8289378947744336,0.4198339929530897
98,0.8214295206843196,0.853886130706346,0.7814025459392676,0.9194486895245862,0.93724332266005,0.8558322617680127,88.3758078366518,0.9439368869632597,0.9279872113377192,0.7424626665434331,0.8239623173563118,0.8310815713310061,0.41898462210387655
99,0.8333785405030122,0.8527220095599674,0.7794097685222674,0.9187456570421639,0.9370700017263178,0.8558322617680127,88.73589595407248,0.9439015033871699,0.9279290605165645,0.7418332139453632,0.82332574629285,0.8266205236578892,0.4128485633337669
100,0.8241617054552646,0.8530634820519367,0.7801537719631119,0.9189464693190464,0.9370063007971838,0.8558322617680127,88.8291861191392,0.94361693553328,0.9279707024557947,0.7412526851959407,0.8233713016562906,0.8291057854183784,0.4156052215189873
101,0.8209773540496826,0.8534745240762749,0.780361920624598,0.9191937776080732,0.9371456448794618,0.8558322617680127,87.69713492691517,0.94384285120977,0.9283005181878992,0.7419458843215725,0.8235293889835305,0.8297539776786022,0.4147989033662135
102,0.8272557696780642,0.8535699568405116,0.7804826639588313,0.9192603697107978,0.9371690033981023,0.8558322617680127,88.32916875183582,0.943596268411051,0.9283116742263456,0.7424499631937662,0.8237249323830349,0.82976694598836,0.4150461995504298
103,0.8225765850092913,0.8532913506023305,0.7800864888281325,0.9190869684793626,0.9371090202456152,0.8558322617680127,88.56453666836023,0.9435663701378053,0.9283518133251036,0.7418969007733229,0.8236641856302842,0.828977483145137,0.4140621799571416
104,0.8205718968365644,0.8533886325089581,0.7801853217519653,0.9191447648767163,0.9371349721401606,0.8558322617680127,88.21027760207653,0.9436630254136181,0.928361449225181,0.7419828594375498,0.8236987555308771,0.8292370729375644,0.41416876796700075
105,0.8140559827959215,0.8533617917764212,0.7801335903864078,0.9191291098824429,0.9371182421452493,0.8558322617680127,87.84121496230364,0.9436337995661112,0.9283281669826331,0.7419530400101932,0.8236391673345554,0.8292547849886135,0.41399258343634115
